name,link,ingredients,price
EUK 134 0.1%,https://theordinary.deciem.com/product/rdn-euk-134-01pct-30ml?redir=1,"Propanediol, Ethylbisiminomethylguaiacol manganese chloride.",8.8
Pycnogenol 5%,https://theordinary.deciem.com/product/rdn-pycnogenol-5pct-15ml?redir=1,"Propanediol, Pinus Pinaster Bark Extract.",9.4
Resveratrol 3% + Ferulic Acid 3%,https://theordinary.deciem.com/product/rdn-resveratrol-3pct-ferulic-acid-3pct-30ml?redir=1,"Propanediol, Resveratrol, Ferulic Acid.",7.9
Squalane Cleanser,https://theordinary.deciem.com/product/rdn-squalane-cleanser-50ml?redir=1,"Squalane, Aqua (Water), Coco-Caprylate/Caprate, Glycerin, Sucrose Stearate, Ethyl Macadamiate, Caprylic/Capric Triglyceride, Sucrose Laurate, Hydrogenated Starch Hydrolysate, Sucrose Dilaurate, Sucrose Trilaurate, Polyacrylate Crosspolymer-6, Isoceteth-20, Sodium Polyacrylate, Tocopherol, Hydroxymethoxyphenyl Decanone, Trisodium Ethylenediamine Disuccinate, Malic Acid, Ethylhexylglycerin, Chlorphenesin.",7.9
Coverage Foundation (1.0 N) ,https://theordinary.deciem.com/product/rdn-coverage-foundation-10-n-30ml?redir=1,"Aqua (Water), Coconut Alkanes, Dimethicone, Isodecyl Neopentanoate, Caprylyl Methicone, Methyl Methacrylate Crosspolymer, Glycerin, Trimethylsiloxysilicate, PEG-9 Polydimethylsiloxyethyl Dimethicone, Caprylic/Capric Triglyceride, Dimethicone/PEG-10/15 Crosspolymer, Coco Caprylate/Caprate, Cetyl Diglyceryl Tris(Trimethylsiloxy)silylethyl Dimethicone, Sucrose Laurate, Dipropylene Glycol, Polysilicone-11, Tocopherol, Polyglyceryl-3 Diisostearate, Polyglyceryl-3 Polyricinoleate, Disteardimonium Hectorite, Hectorite, Dimethicone/ Bis-Isobutyl PPG-20 Crosspolymer, Dimethyl Isosorbide, Sodium Chloride, Trisodium Ethylenediamine Disuccinate, Phenoxyethanol, Chlorphenesin. May Contain [+/-]: Titanium Dioxide (CI 77891), Iron Oxides (CI 77491, CI 77492, CI 77499), Tin Oxide, Aluminum Hydroxide, Bismuth Oxychloride (CI 77163), Mica, Triethoxycaprylylsilane.",6.9
Serum Foundation (1.0 N),https://theordinary.deciem.com/product/rdn-serum-foundation-10-n-30ml?redir=1,"Cyclopentasiloxane, Aqua (Water), Caprylyl Methicone, Coconut Alkanes, Methyl Methacrylate Crosspolymer, Trimethylsiloxysilicate, PEG-9 Polydimethylsiloxyethyl Dimethicone, Coco Caprylate/Caprate, Dimethicone/PEG-10/15 Crosspolymer, Cetyl Diglyceryl Tris(Trimethylsiloxy)silylethyl Dimethicone, Dipropylene Glycol, Tocopherol, Polyglyceryl-3 Diisostearate, Polyglyceryl-3 Polyricinoleate, Polyglyceryl-4 Isostearate, Disteardimonium Hectorite, Hectorite, Sodium Chloride, Hexyl Laurate, Dimethicone/Vinyl Dimethicone Crosspolymer, PEG-10 Dimethicone, Stearic Acid, Alumina, Trisodium Ethylenediamine Disuccinate, Phenoxyethanol, Chlorphenesin. May Contain [+/-]: Titanium Dioxide (CI 77891), Iron Oxides (CI 77491, CI 77492, CI 77499), Tin Oxide, Aluminum Hydroxide, Bismuth Oxychloride (CI 77163), Mica, Triethoxycaprylylsilane.",6.7
High-Adherence Silicone Primer,https://theordinary.deciem.com/product/rdn-high-adherence-silicone-primer-30ml#siliconlink,"Aqua (Water), Isodecyl Neopentanoate, Dimethicone, Dimethicone/Bis-Isobutyl PPG-20 Crosspolymer, Hydroxyethyl Acrylate/Sodium Acryloyldimethyl Taurate Copolymer, Isohexadecane, Hexamethyldisiloxane, Isoceteth-20, Polysilicone-11, Tocopherol, Polysorbate 60, Trisodium Ethylenediamine Disuccinate, Phenoxyethanol, Chlorphenesin.",4.9
High-Spreadability Fluid Primer,https://theordinary.deciem.com/product/rdn-high-spreadability-fluid-primer-30ml#fluidlink,"Hexamethyldisiloxane, Cyclopentasiloxane, Caprylyl Methicone, PEG-12 Dimethicone/PPG-20 Crosspolymer, Dimethicone, Dimethicone/Vinyl Dimethicone Crosspolymer, Tocopherol.",7.9
AHA 30% + BHA 2% Peeling Solution,https://theordinary.deciem.com/product/rdn-aha-30pct-bha-2pct-peeling-solution-30ml?redir=1,"Glycolic Acid, Aqua (Water), Aloe Barbadensis Leaf Water, Sodium Hydroxide, Daucus Carota Sativa Extract, Propanediol, Cocamidopropyl Dimethylamine, Salicylic Acid, Potassium Citrate, Lactic Acid, Tartaric Acid, Citric Acid, Panthenol, Sodium Hyaluronate Crosspolymer, Tasmannia Lanceolata Fruit/Leaf Extract, Glycerin, Pentylene Glycol, Xanthan gum, Polysorbate 20, Trisodium Ethylenediamine Disuccinate, Potassium Sorbate, Sodium Benzoate, Ethylhexylglycerin, 1,2-Hexanediol, Caprylyl Glycol.",7.2
Azelaic Acid Suspension 10%,https://theordinary.deciem.com/product/rdn-azelaic-acid-suspension-10pct-30ml?redir=1,"Aqua (Water), Isodecyl Neopentanoate, Dimethicone, Azelaic Acid, Dimethicone/Bis-Isobutyl PPG-20 Crosspolymer, Dimethyl Isosorbide, Hydroxyethyl Acrylate/Sodium Acryloyldimethyl Taurate Copolymer, Polysilicone-11, Isohexadecane, Tocopherol, Trisodium Ethylenediamine Disuccinate, Isoceteth-20, Polysorbate 60, Triethanolamine, Ethoxydiglycol, Phenoxyethanol, Chlorphenesin.",7.9
Glycolic Acid 7% Toning Solution,https://theordinary.deciem.com/product/rdn-glycolic-acid-7pct-toning-solution-240ml?redir=1,"Aqua (Water), Glycolic Acid, Rosa damascena flower water, Centaurea cyanus flower water, Aloe Barbadensis Leaf Water, Propanediol, Glycerin, Triethanolamine, Aminomethyl Propanol, Panax Ginseng Root Extract, Tasmannia Lanceolata Fruit/Leaf Extract, Aspartic Acid, Alanine, Glycine, Serine, Valine, Isoleucine, Proline, Threonine, Histidine, Phenylalanine, Glutamic Acid, Arginine, PCA, Sodium PCA, Sodium Lactate, Fructose, Glucose, Sucrose, Urea, Hexyl Nicotinate, Dextrin, Citric Acid, Polysorbate 20, Gellan Gum, Trisodium Ethylenediamine Disuccinate, Sodium Chloride, Hexylene Glycol, Potassium Sorbate, Sodium Benzoate, 1,2-Hexanediol, Caprylyl Glycol.",8.7
Lactic Acid 10% + HA,https://theordinary.deciem.com/product/rdn-lactic-acid-10pct-ha-2pct-30ml?redir=1,"Aqua (Water), Lactic Acid, Glycerin, Pentylene Glycol, Propanediol, Sodium Hydroxide, Sodium Hyaluronate Crosspolymer, Tasmannia Lanceolata Fruit/Leaf Extract, Acacia Senegal Gum, Xanthan Gum, Isoceteth-20, Trisodium Ethylenediamine Disuccinate, Ethylhexylglycerin, 1,2-Hexanediol, Caprylyl Glycol.",6.8
Lactic Acid 5% + HA,https://theordinary.deciem.com/product/rdn-lactic-acid-5pct-ha-2pct-30ml?redir=1,"Aqua (Water), Lactic Acid, Glycerin, Pentylene Glycol, Propanediol, Sodium Hyaluronate Crosspolymer, Tasmannia Lanceolata Fruit/Leaf Extract, Acacia Senegal Gum, Xanthan Gum, Isoceteth-20, Trisodium Ethylenediamine Disuccinate, Sodium Hydroxide, Ethylhexylglycerin, 1,2-Hexanediol, Caprylyl Glycol.",6.5
Mandelic Acid 10% + HA,https://theordinary.deciem.com/product/rdn-mandelic-acid-10pct-ha-30ml?redir=1,"Propanediol, Aqua (Water), Mandelic Acid, Glycerin, Dimethyl Isosorbide, Sodium Hyaluronate Crosspolymer, Tasmannia Lanceolata Fruit/Leaf Extract, Pentylene Glycol, Polysorbate 20, Sodium Hydroxide, Ethylhexylglycerin, 1,2-Hexanediol, Caprylyl Glycol.",6.8
Salicylic Acid 2% Masque,https://theordinary.deciem.com/product/rdn-salicylic-acid-2pct-masque-50ml?redir=1,"Aqua (Water), Kaolin, Squalane, Glycerin, Dimethyl Isosorbide, Silica Cetyl Silylate, Salicylic Acid, Sodium Polyacrylate, Pentylene Glycol, Charcoal Powder, 4-t-Butylcyclohexanol, Sclerotium Gum, Acacia Senegal Gum, Xanthan Gum, Phytic Acid, Polysorbate 20, Trisodium Ethylenediamine Disuccinate, Chlorphenesin, Phenoxyethanol.",12.0
Salicylic Acid 2% Solution,https://theordinary.deciem.com/product/rdn-salicylic-acid-2pct-solution-30ml?redir=1,"Aqua (Water), Hamamelis Virginiana Leaf Water, Cocamidopropyl Dimethylamine, Salicylic Acid, Dimethyl Isosorbide, Trisodium Ethylenediamine Disuccinate, Citric Acid, Polysorbate 20, Hydroxyethylcellulose, Ethoxydiglycol, Potassium Sorbate, Sodium Benzoate, 1,2-hexanediol, Caprylyl Glycol.",5.3
Multi-Peptide Serum for Hair Density,https://theordinary.deciem.com/product/rdn-multi-peptide-serum-for-hair-density-60ml?redir=1,"Aqua (Water), Propanediol, Butylene Glycol, Glycerin, Caffeine, Biotinoyl Tripeptide-1, Acetyl Tetrapeptide-3, Larix Europaea Wood Extract, Pisum Sativum Extract, Scutellaria Baicalensis Root Extract, Triticum Vulgare Germ Extract, Glycine Soja Germ Extract, Trifolium Pratense Flower Extract, Camellia Sinensis Leaf Extract, Apigenin, Oleanolic Acid, Arginine, Glycine, Calcium Gluconate, Zinc Chloride, Lactic Acid, Gluconolactone, Dextran, Maltodextrin, Hydroxyethylcellulose, Xanthan gum, Pentylene Glycol, Dimethyl Isosorbide, Polysorbate 20, PPG-26-Buteth-26, PEG-40 Hydrogenated Castor Oil, Trisodium Ethylenediamine Disuccinate, Sodium Metabisulfite, Sodium Benzoate, Phenoxyethanol, Chlorphenesin.",17.9
"""B"" Oil",https://theordinary.deciem.com/product/rdn-b-oil-30ml?redir=1,"Caprylic/Capric Triglyceride, Squalane, Crambe Abyssinica Seed Oil, Bisabolol, Simmondsia Chinensis Seed Oil, Ethylhexyl Stearate, Isochrysis Galbana Extract, Adansonia Digitata Seed Oil, Argania Spinosa Kernel Oil, Borago Officinalis Seed Oil, Rosa Canina Seed Oil, Sclerocarya Birrea Seed Oil, Oenocarpus Bataua Fruit Oil, Plukenetia Volubilis Seed Oil, Bertholletia Excelsa Seed Oil, Solanum Lycopersicum (Tomato) Fruit Extract, Hydroxymethoxyphenyl Decanone, Rosmarinus Officinalis (Rosemary) Leaf Extract, Tocopherol.",9.2
100% Cold-Pressed Virgin Marula Oil,https://theordinary.deciem.com/product/rdn-100pct-cold-pressed-virgin-marula-oil-30ml?redir=1,Sclerocarya Birrea Seed Oil.,9.9
100% Organic Cold-Pressed Borage Seed Oil,https://theordinary.deciem.com/product/rdn-100pct-organic-cold-pressed-borage-seed-oil-30ml?redir=1,Borago Officinalis Seed Oil,4.2
100% Organic Cold-Pressed Moroccan Argan Oil,https://theordinary.deciem.com/product/rdn-100pct-organic-cold-pressed-moroccan-argan-oil-30ml?redir=1,Argania Spinosa Kernel Oil.,6.8
100% Organic Cold-PressedRose Hip Seed Oil,https://theordinary.deciem.com/product/rdn-100pct-organic-cold-pressed-rose-hip-seed-oil-30ml?redir=1,Rosa Canina Seed Oil.,9.8
100% Organic Virgin Chia Seed Oil,https://theordinary.deciem.com/product/rdn-100pct-organic-virgin-chia-seed-oil-30ml?redir=1,Salvia Hispanica Seed Oil.,7.7
100% Organic Virgin Sea-Buckthorn Fruit Oil,https://theordinary.deciem.com/product/rdn-100pct-organic-virgin-sea-buckthorn-fruit-oil-30ml?redir=1,Hippophae Rhamnoides Fruit Oil,14.9
100% Plant-Derived Hemi-Squalane,https://theordinary.deciem.com/product/rdn-100pct-plant-derived-hemi-squalane-30ml?redir=1,C13-16 Isoparaffin.,3.95
100% Plant-Derived Squalane,https://theordinary.deciem.com/product/rdn-100pct-plant-derived-squalane-30ml?redir=1,Squalane.,7.9
Amino Acids + B5,https://theordinary.deciem.com/product/rdn-amino-acids-b5-30ml?redir=1,"Aqua (Water), Propanediol, Betaine, Sodium PCA, Panthenol, Sodium Lactate, Arginine, PCA, Aspartic Acid, Glycine, Alanine, Serine, Threonine, Valine, Proline, Isoleucine, Lysine HCl, Histidine, Phenylalanine, Glutamic Acid, Citric Acid, Dimethyl Isosorbide, Polysorbate 20, Trisodium Ethylenediamine Disuccinate, 1,2-Hexanediol, Caprylyl Glycol.",6.8
Hyaluronic Acid 2% + B5,https://theordinary.deciem.com/product/rdn-hyaluronic-acid-2pct-b5-30ml?redir=1,"Aqua (Water), Sodium Hyaluronate, Pentylene Glycol, Propanediol, Sodium Hyaluronate Crosspolymer, Panthenol, Ahnfeltia Concinna Extract, Glycerin, Trisodium Ethylenediamine Disuccinate, Citric Acid, Isoceteth-20, Ethoxydiglycol, Ethylhexylglycerin, Hexylene Glycol, 1,2-Hexanediol, Phenoxyethanol, Caprylyl Glycol.",6.8
Marine Hyaluronics,https://theordinary.deciem.com/product/rdn-marine-hyaluronics-30ml?redir=1,"Aqua (Water), Glycerin, Algae Extract, Pseudoalteromonas Exopolysaccharides, Pseudoalteromonas Ferment Extract, Ahnfeltia Concinna Extract, Arginine, Glycine, Alanine, Serine, Valine, Isoleucine, Proline, Threonine, Histidine, Phenylalanine, Aspartic Acid, PCA, Sodium PCA, Sodium Lactate, Salicylic Acid, Citric Acid, Propanediol, Dimethyl Isosorbide, Ethoxydiglycol, Polysorbate 20, Potassium Sorbate, Sodium Salicylate, Sodium Benzoate, Hexylene Glycol, 1,2-Hexanediol, Phenoxyethanol, Caprylyl Glycol.",6.8
Natural Moisturizing Factors + HA,https://theordinary.deciem.com/product/rdn-natural-moisturizing-factors-ha-30ml?redir=1,"Aqua (Water), Caprylic/Capric Triglyceride, Cetyl Alcohol, Propanediol, Stearyl Alcohol, Glycerin, Sodium Hyaluronate, Arginine, Aspartic Acid, Glycine, Alanine, Serine, Valine, Isoleucine, Proline, Threonine, Histidine, Phenylalanine, Glucose, Maltose, Fructose, Trehalose, Sodium PCA, PCA, Sodium Lactate, Urea, Allantoin, Linoleic Acid, Oleic Acid, Phytosteryl Canola Glycerides, Palmitic Acid, Stearic Acid, Lecithin, Triolein, Tocopherol, Carbomer, Isoceteth-20, Polysorbate 60, Sodium Chloride, Citric Acid, Trisodium Ethylenediamine Disuccinate, Pentylene Glycol, Triethanolamine, Sodium Hydroxide, Phenoxyethanol, Chlorphenesin.",5.8
100% Niacinamide Powder,https://theordinary.deciem.com/product/rdn-100pct-niacinamide-powder-20g?redir=1,Niacinamide,5.8
Alpha Arbutin 2% + HA,https://theordinary.deciem.com/product/rdn-alpha-arbutin-2pct-ha-30ml?redir=1,"Aqua (Water), Alpha-Arbutin, Polyacrylate Crosspolymer-6, Hydrolyzed Sodium Hyaluronate, Propanediol, PPG-26-Buteth-26, PEG-40 Hydrogenated Castor Oil, Lactic Acid, Trisodium Ethylenediamine Disuccinate, Ethoxydiglycol, Phenoxyethanol, Chlorphenesin.",8.9
Caffeine Solution 5% + EGCG,https://theordinary.deciem.com/product/rdn-caffeine-solution-5pct-egcg-30ml?redir=1,"Aqua (Water), Caffeine, Maltodextrin, Glycerin, Propanediol, Epigallocatechin Gallatyl Glucoside, Gallyl Glucoside, Hyaluronic Acid, Oxidized Glutathione, Melanin, Glycine Soja (Soybean) Seed Extract, Urea, Pentylene Glycol, Hydroxyethylcellulose, Polyacrylate Crosspolymer-6, Xanthan gum, Lactic Acid, Dehydroacetic Acid, Trisodium Ethylenediamine Disuccinate, Propyl Gallate, Dimethyl Isosorbide, Benzyl Alcohol, 1,2-Hexanediol, Ethylhexylglycerin, Phenoxyethanol, Caprylyl Glycol.",6.7
Niacinamide 10% + Zinc 1%,https://theordinary.deciem.com/product/rdn-niacinamide-10pct-zinc-1pct-30ml?redir=1,"Aqua (Water), Niacinamide, Pentylene Glycol, Zinc PCA, Dimethyl Isosorbide, Tamarindus Indica Seed Gum, Xanthan gum, Isoceteth-20, Ethoxydiglycol, Phenoxyethanol, Chlorphenesin.",5.9
“Buffet”,https://theordinary.deciem.com/product/rdn-buffet-30ml?redir=1,"Aqua (Water), Glycerin, Lactococcus Ferment Lysate, Acetyl Hexapeptide-8, Pentapeptide-18, Palmitoyl Tripeptide-1, Palmitoyl Tetrapeptide-7, Palmitoyl Tripeptide-38, Dipeptide Diaminobutyroyl Benzylamide Diacetate, Acetylarginyltryptophyl Diphenylglycine, Sodium Hyaluronate Crosspolymer, Sodium Hyaluronate, Allantoin, Glycine, Alanine, Serine, Valine, Isoleucine, Proline, Threonine, Histidine, Phenylalanine, Arginine, Aspartic Acid, Trehalose, Fructose, Glucose, Maltose, Urea, Sodium PCA, PCA, Sodium Lactate, Citric Acid, Hydroxypropyl Cyclodextrin, Sodium Chloride, Sodium Hydroxide, Butylene Glycol, Pentylene Glycol, Acacia Senegal Gum, Xanthan Gum, Carbomer, Polysorbate 20, PPG-26-Buteth-26, PEG-40 Hydrogenated Castor Oil, Trisodium Ethylenediamine Disuccinate, Ethoxydiglycol, Sodium Benzoate, Caprylyl Glycol, Ethylhexylglycerin, Phenoxyethanol, Chlorphenesin.",14.8
“Buffet” + Copper Peptides 1%,https://theordinary.deciem.com/product/rdn-buffet-copper-peptides-1pct-30ml?redir=1,"Aqua (Water), Glycerin, Lactococcus Ferment Lysate, Copper Tripeptide-1, Acetyl Hexapeptide-8, Pentapeptide-18, Palmitoyl Tripeptide-1, Palmitoyl Tetrapeptide-7, Palmitoyl Tripeptide-38, Dipeptide Diaminobutyroyl Benzylamide Diacetate, Acetylarginyltryptophyl Diphenylglycine, Sodium Hyaluronate Crosspolymer, Sodium Hyaluronate, Allantoin, Glycine, Alanine, Serine, Valine, Isoleucine, Proline, Threonine, Histidine, Phenylalanine, Arginine, Aspartic Acid, Trehalose, Fructose, Glucose, Maltose, Urea, Sodium PCA, PCA, Sodium Lactate, Citric Acid, Hydroxypropyl Cyclodextrin, Sodium Chloride, Sodium Hydroxide, Butylene Glycol, Pentylene Glycol, Acacia Senegal Gum, Xanthan Gum, Carbomer, Polysorbate 20, Dimethyl Isosorbide, Sodium Benzoate, Caprylyl Glycol, Ethylhexylglycerin, Phenoxyethanol, Chlorphenesin",28.9
Argireline Solution 10%,https://theordinary.deciem.com/product/rdn-argireline-solution-10pct-30ml?redir=1,"Aqua (Water), Propanediol, Acetyl Hexapeptide-8, Trisodium Ethylenediamine Disuccinate, Gellan Gum, Sodium Chloride, Isoceteth-20, Dimethyl Isosorbide, Potassium Sorbate, Phenoxyethanol, Chlorphenesin.",7.9
Matrixyl 10% + HA,https://theordinary.deciem.com/product/rdn-matrixyl-10pct-ha-30ml?redir=1,"Aqua (Water), Glycerin, Butylene Glycol, Palmitoyl Tripeptide-1, Palmitoyl Tetrapeptide-7, Palmitoyl Tripeptide-38, Sodium Hyaluronate, Hydroxypropyl Cyclodextrin, PPG-26-Buteth-26, PEG-40 Hydrogenated Castor Oil, Polyacrylate Crosspolymer-6, Trisodium Ethylenediamine Disuccinate, Carbomer, Polysorbate 20, Ethoxydiglycol, Phenoxyethanol, Chlorphenesin.",11.5
Granactive Retinoid 2% Emulsion,https://theordinary.deciem.com/product/rdn-advanced-retinoid-2pct-30ml?redir=1,"Aqua (Water), Glycerin, Caprylic/Capric Triglyceride, Ethyl Linoleate, Propanediol, Dimethyl Isosorbide, Cetearyl Isononanoate, Bisabolol, Hydroxypinacolone Retinoate, Retinol, Tasmannia Lanceolata Fruit/Leaf Extract, Inulin Lauryl Carbamate, Glyceryl Stearate, Ceteareth-12, Ceteareth-20, Cetearyl Alcohol, Carrageenan, Xanthan Gum, Acacia Senegal Gum, Cetyl Palmitate, Sucrose Laurate, Polysorbate 20, Isoceteth-20, Rosmarinus Officinalis (Rosemary) Leaf Extract, Hydroxymethoxyphenyl Decanone, Behentrimonium Chloride, Trisodium Ethylenediamine Disuccinate, Disodium EDTA, Dehydroacetic Acid, Benzoic Acid, Ethylhexylglycerin, Phenoxyethanol, Chlorphenesin.",9.8
Granactive Retinoid 2% in Squalane,https://theordinary.deciem.com/product/rdn-granactive-retinoid-2pct-in-squalane-30ml?redir=1,"Squalane, C12-15 Alkyl Benzoate, Bisabolol, Caprylic/Capric Triglyceride, Dimethyl Isosorbide, Simmondsia Chinensis (Jojoba) Seed Oil, Hydroxypinacolone Retinoate, Solanum Lycopersicum (Tomato) Fruit Extract, Rosmarinus Officinalis (Rosemary) Leaf Extract, Hydroxymethoxyphenyl Decanone.",9.6
Granactive Retinoid 5% in Squalane,https://theordinary.deciem.com/product/rdn-granactive-retinoid-5pct-in-squalane-30ml?redir=1,"Squalane, C12-15 Alkyl Benzoate, Bisabolol, Dimethyl Isosorbide, Caprylic/Capric Triglyceride, Simmondsia Chinensis (Jojoba) Seed Oil, Hydroxypinacolone Retinoate, Solanum Lycopersicum (Tomato) Fruit Extract, Rosmarinus Officinalis (Rosemary) Leaf Extract, Hydroxymethoxyphenyl Decanone.",13.9
Retinol 0.2% in Squalane,https://theordinary.deciem.com/product/rdn-retinol-02pct-in-squalane-30ml?redir=1,"Squalane, Caprylic/Capric Triglyceride, Simmondsia Chinensis (Jojoba) Seed Oil, Retinol, Solanum Lycopersicum (Tomato) Fruit Extract, Rosmarinus Officinalis (Rosemary) Leaf Extract, Hydroxymethoxyphenyl Decanone, BHT.",5.3
Retinol 0.5% in Squalane,https://theordinary.deciem.com/product/rdn-retinol-05pct-in-squalane-30ml?redir=1,"Squalane, Caprylic/Capric Triglyceride, Simmondsia Chinensis (Jojoba) Seed Oil, Retinol, Solanum Lycopersicum (Tomato) Fruit Extract, Rosmarinus Officinalis (Rosemary) Leaf Extract, Hydroxymethoxyphenyl Decanone, BHT.",5.8
Retinol 1% in Squalane,https://theordinary.deciem.com/product/rdn-retinol-1pct-in-squalane-30ml?redir=1,"Squalane, Caprylic/Capric Triglyceride, Simmondsia Chinensis (Jojoba) Seed Oil, Retinol, Solanum Lycopersicum (Tomato) Fruit Extract, Rosmarinus Officinalis (Rosemary) Leaf Extract, Hydroxymethoxyphenyl Decanone, BHT.",6.7
Mineral UV Filters SPF 15 with Antioxidants,https://theordinary.deciem.com/product/rdn-mineral-uv-filters-spf-15-with-antioxidants-50ml?redir=1,"Aqua (Water), Cyclopentasiloxane, Zinc Oxide, Titanium Dioxide, Glycerin, PEG-10 Dimethicone, Helianthus Annuus Seed Oil, PEG-9 Polydimethylsiloxyethyl Dimethicone, Caprylic/Capric Triglyceride, Hexyl Laurate, Dimethicone/PEG-10/15 Crosspolymer, Polyglyceryl-4 Isostearate, Astaxanthin, Disodium Uridine Phosphate, Ethyl Ferulate, Rosmarinus Officinalis Leaf Extract, Tasmannia Lanceolata Fruit/Leaf Extract, Haematococcus Pluvialis Extract, Picea Mariana Bark Extract, Arginine, Aspartic Acid, Glycine, Alanine, Serine, Valine, Isoleucine, Proline, Threonine, Histidine, Phenylalanine, Sodium PCA, PCA, Sodium Lactate, Glucose, Maltose, Fructose, Trehalose, Urea, Allantoin, Sodium Hyaluronate, Linoleic Acid, Oleic Acid, Phytosteryl Canola Glycerides, Palmitic Acid, Stearic Acid, Isochrysis Galbana Extract, Lysolecithin, Lecithin, Triolein, Pentylene Glycol, Dipropylene Glycol, Polyglyceryl-10 Oleate, Polyglyceryl-5 Trioleate, Polyglyceryl-10 Stearate, Tocopherol, Alumina, Citric Acid, Trisodium Ethylenediamine Disuccinate, Sodium Chloride, Sodium Hydroxide, Phenoxyethanol, Chlorphenesin.",8.9
Mineral UV Filters SPF 30 with Antioxidants ,https://theordinary.deciem.com/product/rdn-mineral-uv-filters-spf-30-with-antioxidants-50ml?redir=1,"Aqua (Water), Cyclopentasiloxane, Zinc Oxide, Titanium Dioxide, PEG-10 Dimethicone, Glycerin, Helianthus Annuus Seed Oil, PEG-9 Polydimethylsiloxyethyl Dimethicone, Hexyl Laurate, Polyglyceryl-4 Isostearate, Caprylic/Capric Triglyceride, Dimethicone/PEG-10/15 Crosspolymer, Astaxanthin, Disodium Uridine Phosphate, Ethyl Ferulate, Rosmarinus Officinalis Leaf Extract, Tasmannia Lanceolata Fruit/Leaf Extract, Haematococcus Pluvialis Extract, Picea Mariana Bark Extract, Arginine, Aspartic Acid, Glycine, Alanine, Serine, Valine, Isoleucine, Proline, Threonine, Histidine, Phenylalanine, Sodium PCA, PCA, Sodium Lactate, Glucose, Maltose, Fructose, Trehalose, Urea, Allantoin, Sodium Hyaluronate, Linoleic Acid, Oleic Acid, Phytosteryl Canola Glycerides, Palmitic Acid, Stearic Acid, Isochrysis Galbana Extract, Lysolecithin, Lecithin, Triolein, Pentylene Glycol, Dipropylene Glycol, Polyglyceryl-10 Oleate, Polyglyceryl-5 Trioleate, Polyglyceryl-10 Stearate, Tocopherol, Alumina, Citric Acid, Trisodium Ethylenediamine Disuccinate, Sodium Chloride, Sodium Hydroxide, Phenoxyethanol, Chlorphenesin.",9.7
100% L-Ascorbic Acid Powder,https://theordinary.deciem.com/product/rdn-100pct-l-ascorbic-acid-powder-20g?redir=1,Ascorbic Acid,5.8
Ascorbic Acid 8% + Alpha Arbutin 2%,https://theordinary.deciem.com/product/rdn-ascorbic-acid-8pct-alpha-arbutin-2pct-30ml?redir=1,"Propanediol, Ascorbic Acid, Alpha-Arbutin",10.0
Ascorbyl Glucoside Solution 12%,https://theordinary.deciem.com/product/rdn-ascorbyl-glucoside-solution-12pct-30ml?redir=1,"Aqua (Water), Ascorbyl Glucoside, Propanediol, Aminomethyl Propanol, Triethanolamine, Isoceteth-20, Xanthan gum, Dimethyl Isosorbide, Ethoxydiglycol, Trisodium Ethylenediamine Disuccinate, 1,2-Hexanediol, Caprylyl Glycol.",12.9
Ascorbyl Glucoside Solution 12%,https://theordinary.deciem.com/product/rdn-ascorbyl-glucoside-solution-12pct-30ml?redir=1,"Aqua (Water), Ascorbyl Glucoside, Propanediol, Aminomethyl Propanol, Triethanolamine, Isoceteth-20, Xanthan gum, Dimethyl Isosorbide, Ethoxydiglycol, Trisodium Ethylenediamine Disuccinate, 1,2-Hexanediol, Caprylyl Glycol.",12.9
Ascorbyl Tetraisopalmitate Solution 20% in Vitamin F,https://theordinary.deciem.com/product/rdn-ascorbyl-tetraisopalmitate-solution-20pct-in-vitamin-f-30ml?redir=1,"Coconut Alkanes, Tetrahexyldecyl Ascorbate, Ethyl Linoleate, Coco-Caprylate/Caprate, Simmondsia Chinensis (Jojoba) Seed Oil, Solanum Lycopersicum (Tomato) Fruit Extract, Squalane.",17.8
Ethylated Ascorbic Acid 15% Solution,https://theordinary.deciem.com/product/rdn-ethylated-ascorbic-acid-15pct-solution-30ml?redir=1,"Propanediol, Ethyl Ascorbic Acid.",18.0
Magnesium Ascorbyl Phosphate 10%,https://theordinary.deciem.com/product/rdn-magnesium-ascorbyl-phosphate-10pct-30ml?redir=1,"Aqua (Water), Coco Caprylate/caprate, Magnesium Ascorbyl Phosphate, Isodecyl Neopentanoate, Plukenetia Volubilis Seed Oil, Coconut Alkanes, Disteardimonium Hectorite, Polyglyceryl-3 Diisostearate, Polyglycerol-3 Polyricinoleate, Glycerin, Hexamethyldisiloxane, Terminalia Ferdinandiana Fruit Extract, Tocopherol, Sodium Chloride, Phenoxyethanol, Chlorphenesin.",9.6
Vitamin C Suspension 23% + HA Spheres 2%,https://theordinary.deciem.com/product/rdn-vitamin-c-suspension-23pct-ha-spheres-2pct-30ml?redir=1,"Ascorbic Acid, Squalane, Isodecyl Neopentanoate, Isononyl Isononanoate, Coconut Alkanes, Ethylene/Propylene/Styrene Copolymer, Ethylhexyl Palmitate, Silica Dimethyl Silylate, Sodium Hyaluronate, Glucomannan, Coco-Caprylate/Caprate, Butylene/Ethylene/Styrene Copolymer, Acrylates/Ethylhexyl Acrylate Crosspolymer, Trihydroxystearin, BHT.",5.8
Vitamin C Suspension 30% in Silicone,https://theordinary.deciem.com/product/rdn-vitamin-c-suspension-30pct-in-silicone-30ml?redir=1,"Dimethicone, Ascorbic Acid, Polysilicone-11, PEG-10 Dimethicone.",6.8
